,BA,Accuracy,Recall,f1_score,roc_auc,pr_auc,cv,data,train_time,prediction_time,alpha,sigma_mul,T,t,cutoff
0,0.764102564102564,0.8529411764705882,0.8615384615384616,0.9180327868852458,0.8512820512820511,0.133994708994709,0,ArrowHead,14.912517547607422,5.745887756347656e-05,0.05,1.5,0.5,10,0.06
0,0.7564102564102564,0.8382352941176471,0.8461538461538461,0.9090909090909091,0.9128205128205128,0.5196078431372548,1,ArrowHead,12.442298650741577,4.267692565917969e-05,0.05,1.5,0.5,10,0.06
0,0.6128205128205129,0.8676470588235294,0.8923076923076924,0.928,0.8717948717948718,0.13744588744588745,2,ArrowHead,8.605724334716797,4.315376281738281e-05,0.05,1.5,0.5,10,0.06
0,0.764102564102564,0.8529411764705882,0.8615384615384616,0.9180327868852458,0.8461538461538461,0.22081280788177338,3,ArrowHead,8.323895931243896,4.2438507080078125e-05,0.05,1.5,0.5,10,0.06
0,0.5897435897435898,0.8235294117647058,0.8461538461538461,0.9016393442622951,0.8205128205128205,0.104265873015873,4,ArrowHead,7.745383262634277,4.7206878662109375e-05,0.05,1.5,0.5,10,0.06
0,0.7487179487179487,0.8235294117647058,0.8307692307692308,0.9,0.9076923076923076,0.20158730158730157,5,ArrowHead,15.368582725524902,4.9114227294921875e-05,0.05,1.5,0.5,10,0.06
0,0.6128205128205129,0.8676470588235294,0.8923076923076924,0.928,0.7897435897435898,0.09018031189083821,6,ArrowHead,11.955135583877563,5.1021575927734375e-05,0.05,1.5,0.5,10,0.06
0,0.7717948717948717,0.8676470588235294,0.8769230769230769,0.9268292682926829,0.8102564102564103,0.14344118023553504,7,ArrowHead,8.789541244506836,3.933906555175781e-05,0.05,1.5,0.5,10,0.06
0,0.6128205128205129,0.8676470588235294,0.8923076923076924,0.928,0.8974358974358974,0.16443602693602694,8,ArrowHead,8.194770574569702,4.57763671875e-05,0.05,1.5,0.5,10,0.06
0,0.558974358974359,0.7647058823529411,0.7846153846153846,0.864406779661017,0.5538461538461539,0.05422100480062015,9,ArrowHead,8.599530458450317,4.267692565917969e-05,0.05,1.5,0.5,10,0.06
0,0.6352822580645161,0.9263803680981595,0.9580645161290322,0.9611650485436892,0.8270161290322581,0.2935744382648337,0,CBF,103.78969216346741,0.0001728534698486328,0.05,1.5,0.5,10,0.06
0,0.6745967741935484,0.9447852760736196,0.9741935483870968,0.9710610932475885,0.8409274193548386,0.36805383755007826,1,CBF,82.10900449752808,0.00015926361083984375,0.05,1.5,0.5,10,0.06
0,0.6336693548387097,0.9233128834355828,0.9548387096774194,0.9594813614262561,0.677016129032258,0.3010698551108303,2,CBF,72.75934886932373,0.00010633468627929688,0.05,1.5,0.5,10,0.06
0,0.6945564516129032,0.9263803680981595,0.9516129032258065,0.9609120521172638,0.7816532258064516,0.33878499035214865,3,CBF,59.24382519721985,0.00010514259338378906,0.05,1.5,0.5,10,0.06
0,0.6584677419354839,0.9141104294478528,0.9419354838709677,0.9542483660130718,0.8808467741935483,0.3651558098960631,4,CBF,63.05550026893616,0.00018453598022460938,0.05,1.5,0.5,10,0.06
0,0.638508064516129,0.9325153374233128,0.964516129032258,0.964516129032258,0.8133064516129032,0.3015691941817465,5,CBF,98.90974736213684,0.000118255615234375,0.05,1.5,0.5,10,0.06
0,0.5711693548387097,0.9171779141104295,0.9548387096774194,0.9563812600969306,0.8231854838709677,0.25323017958418553,6,CBF,84.11041855812073,0.00010991096496582031,0.05,1.5,0.5,10,0.06
0,0.6665322580645161,0.9294478527607362,0.9580645161290322,0.9627228525121555,0.8127016129032257,0.25564275434346423,7,CBF,72.76288914680481,0.00010514259338378906,0.05,1.5,0.5,10,0.06
0,0.7258064516129032,0.9294478527607362,0.9516129032258065,0.9624796084828711,0.8038306451612903,0.37627991514627185,8,CBF,59.965317726135254,0.00011610984802246094,0.05,1.5,0.5,10,0.06
0,0.6993951612903226,0.9355828220858896,0.9612903225806452,0.965964343598055,0.7800403225806452,0.32389777436816325,9,CBF,61.205944299697876,9.870529174804688e-05,0.05,1.5,0.5,10,0.06
0,0.4942307692307692,0.9049429657794676,0.95,0.9500000000000001,0.4685961538461539,0.046571165997963904,0,ChlorineConcentration,694.5699081420898,0.002151966094970703,0.05,1.5,0.5,10,0.06
0,0.474,0.9011406844106464,0.948,0.948,0.34576923076923083,0.03425155491687849,1,ChlorineConcentration,444.3576326370239,0.0020880699157714844,0.05,1.5,0.5,10,0.06
0,0.4932307692307692,0.903041825095057,0.948,0.948948948948949,0.4750576923076923,0.0450375215512545,2,ChlorineConcentration,248.38702178001404,0.0018413066864013672,0.05,1.5,0.5,10,0.06
0,0.4836153846153846,0.9020912547528517,0.948,0.9484742371185593,0.4460192307692307,0.04155303342711183,3,ChlorineConcentration,233.28026223182678,0.0022776126861572266,0.05,1.5,0.5,10,0.06
0,0.4725,0.8982889733840305,0.945,0.9464196294441662,0.41151923076923075,0.03816911742277301,4,ChlorineConcentration,226.92523407936096,0.0019352436065673828,0.05,1.5,0.5,10,0.06
0,0.473,0.8992395437262357,0.946,0.9469469469469469,0.3930769230769231,0.03679714550162835,5,ChlorineConcentration,704.7935626506805,0.0019745826721191406,0.05,1.5,0.5,10,0.06
0,0.4856153846153846,0.905893536121673,0.952,0.9505741387918122,0.44596153846153846,0.04139675606831458,6,ChlorineConcentration,437.27883553504944,0.007172584533691406,0.05,1.5,0.5,10,0.06
0,0.4821153846153846,0.8992395437262357,0.945,0.9468937875751503,0.4324807692307693,0.04047513064807691,7,ChlorineConcentration,247.36396503448486,0.0017952919006347656,0.05,1.5,0.5,10,0.06
0,0.4937307692307692,0.9039923954372624,0.949,0.9494747373686845,0.42609615384615385,0.04127758060104984,8,ChlorineConcentration,224.67400360107422,0.0015795230865478516,0.05,1.5,0.5,10,0.06
0,0.5129615384615385,0.905893536121673,0.949,0.9504256384576866,0.36503846153846153,0.039893985472798904,9,ChlorineConcentration,224.23644828796387,0.0016968250274658203,0.05,1.5,0.5,10,0.06
0,0.5150375939849624,0.85,0.8872180451127819,0.9182879377431907,0.7669172932330828,0.09825546501039946,0,ECG200,24.079139232635498,6.914138793945312e-05,0.05,1.5,0.5,10,0.06
0,0.8157894736842105,0.9071428571428571,0.9172932330827067,0.9494163424124513,0.9452201933404942,0.3467809133222667,1,ECG200,16.888991594314575,6.103515625e-05,0.05,1.5,0.5,10,0.06
0,0.537593984962406,0.8928571428571429,0.9323308270676691,0.9429657794676807,0.80343716433942,0.1613609487297643,2,ECG200,13.414076566696167,6.031990051269531e-05,0.05,1.5,0.5,10,0.06
0,0.6052631578947368,0.8928571428571429,0.924812030075188,0.942528735632184,0.8442534908700323,0.13720873091873734,3,ECG200,16.159269094467163,5.793571472167969e-05,0.05,1.5,0.5,10,0.06
0,0.5225563909774436,0.8642857142857143,0.9022556390977443,0.9266409266409266,0.7540279269602578,0.0970305730711303,4,ECG200,16.553001642227173,5.459785461425781e-05,0.05,1.5,0.5,10,0.06
0,0.6616541353383458,0.8714285714285714,0.8947368421052632,0.9296875000000001,0.7883995703544575,0.1462117916301472,5,ECG200,25.683477640151978,8.749961853027344e-05,0.05,1.5,0.5,10,0.06
0,0.7406015037593985,0.8928571428571429,0.9097744360902256,0.9416342412451362,0.8678839957035446,0.2951591728938321,6,ECG200,14.550028085708618,6.318092346191406e-05,0.05,1.5,0.5,10,0.06
0,0.6917293233082706,0.9285714285714286,0.9548872180451128,0.962121212121212,0.7669172932330827,0.24414005112865483,7,ECG200,16.658103942871094,6.103515625e-05,0.05,1.5,0.5,10,0.06
0,0.8157894736842105,0.9071428571428571,0.9172932330827067,0.9494163424124513,0.8098818474758325,0.19221065103221724,8,ECG200,13.621718645095825,5.459785461425781e-05,0.05,1.5,0.5,10,0.06
0,0.5977443609022557,0.8785714285714286,0.9097744360902256,0.9343629343629345,0.7669172932330827,0.11958400912168637,9,ECG200,15.175707340240479,5.602836608886719e-05,0.05,1.5,0.5,10,0.06
0,0.6535510525280346,0.9290322580645162,0.9592760180995475,0.9625425652667423,0.8284477670666929,0.34333920019705944,0,ECGFiveDays,193.70142936706543,0.0001952648162841797,0.05,1.5,0.5,10,0.06
0,0.6798150698406453,0.9397849462365592,0.9683257918552036,0.9683257918552036,0.8238245130828252,0.2844619696385357,1,ECGFiveDays,127.51307892799377,0.0003104209899902344,0.05,1.5,0.5,10,0.06
0,0.6363368089710801,0.9354838709677419,0.9683257918552036,0.9661399548532732,0.850383631713555,0.2907141610555527,2,ECGFiveDays,132.4124186038971,0.00047087669372558594,0.05,1.5,0.5,10,0.06
0,0.6524198308085776,0.9268817204301075,0.9570135746606335,0.9613636363636363,0.7881172535903994,0.29141138690487056,3,ECGFiveDays,95.6762330532074,0.0004405975341796875,0.05,1.5,0.5,10,0.06
0,0.6981605351170569,0.9354838709677419,0.9615384615384616,0.965909090909091,0.7973637615581349,0.31493398182196786,4,ECGFiveDays,91.60491299629211,0.00019407272338867188,0.05,1.5,0.5,10,0.06
0,0.6798150698406453,0.9397849462365592,0.9683257918552036,0.9683257918552036,0.9042888058233327,0.3222616291812828,5,ECGFiveDays,193.33396124839783,0.00041604042053222656,0.05,1.5,0.5,10,0.06
0,0.6764214046822743,0.9333333333333333,0.9615384615384616,0.9648127128263339,0.810938422191619,0.3222936667560752,6,ECGFiveDays,134.11884450912476,0.00017952919006347656,0.05,1.5,0.5,10,0.06
0,0.6329431438127091,0.9290322580645162,0.9615384615384616,0.9626274065685164,0.8295298052331301,0.2923193921832843,7,ECGFiveDays,128.8925335407257,0.00016117095947265625,0.05,1.5,0.5,10,0.06
0,0.6775526264017313,0.9354838709677419,0.9638009049773756,0.9659863945578231,0.8012000786936849,0.293206415334331,8,ECGFiveDays,98.8108127117157,0.00021409988403320312,0.05,1.5,0.5,10,0.06
0,0.6179913436946685,0.9397849462365592,0.9751131221719457,0.9685393258426966,0.8513673027739523,0.24795671752173348,9,ECGFiveDays,87.51812410354614,0.0001900196075439453,0.05,1.5,0.5,10,0.06
0,0.575,0.9142857142857143,0.95,0.9547738693467336,0.918,0.37673028725660307,0,GunPoint,19.53537917137146,7.295608520507812e-05,0.05,1.5,0.5,10,0.06
0,0.87,0.9333333333333333,0.94,0.964102564102564,0.96,0.6432516339869281,1,GunPoint,13.208353757858276,5.030632019042969e-05,0.05,1.5,0.5,10,0.06
0,0.675,0.9238095238095239,0.95,0.9595959595959594,0.8140000000000001,0.17945511010728404,2,GunPoint,10.27172040939331,4.792213439941406e-05,0.05,1.5,0.5,10,0.06
0,0.7749999999999999,0.9333333333333333,0.95,0.9644670050761421,0.936,0.42606345408976987,3,GunPoint,11.588460922241211,4.696846008300781e-05,0.05,1.5,0.5,10,0.06
0,0.77,0.9238095238095239,0.94,0.9591836734693877,0.91,0.2585550082101806,4,GunPoint,13.038392782211304,4.220008850097656e-05,0.05,1.5,0.5,10,0.06
0,0.66,0.8952380952380953,0.92,0.9435897435897437,0.87,0.1717306669938249,5,GunPoint,19.55099582672119,7.653236389160156e-05,0.05,1.5,0.5,10,0.06
0,0.56,0.8857142857142857,0.92,0.9387755102040817,0.838,0.12973690123690124,6,GunPoint,13.680840969085693,4.9591064453125e-05,0.05,1.5,0.5,10,0.06
0,0.57,0.9047619047619048,0.94,0.9494949494949495,0.7839999999999999,0.12609345928429375,7,GunPoint,10.74385380744934,4.9114227294921875e-05,0.05,1.5,0.5,10,0.06
0,0.685,0.9428571428571428,0.97,0.97,0.816,0.22540749105966496,8,GunPoint,11.07808232307434,4.792213439941406e-05,0.05,1.5,0.5,10,0.06
0,0.665,0.9047619047619048,0.93,0.9489795918367346,0.932,0.40975013290802764,9,GunPoint,11.309324502944946,5.1975250244140625e-05,0.05,1.5,0.5,10,0.06
0,0.5077669902912622,0.7870370370370371,0.8155339805825242,0.8795811518324607,0.44271844660194176,0.039894902410880735,0,Ham,48.41538405418396,7.200241088867188e-05,0.05,1.5,0.5,10,0.06
0,0.49320388349514566,0.7592592592592593,0.7864077669902912,0.8617021276595745,0.5242718446601942,0.046550895184815554,1,Ham,41.10888361930847,7.128715515136719e-05,0.05,1.5,0.5,10,0.06
0,0.46116504854368934,0.8796296296296297,0.9223300970873787,0.9359605911330049,0.4524271844660194,0.03868951471206432,2,Ham,47.400601863861084,0.00018143653869628906,0.05,1.5,0.5,10,0.06
0,0.483495145631068,0.7407407407407407,0.7669902912621359,0.8494623655913979,0.5844660194174757,0.05050615419107489,3,Ham,35.53303790092468,6.151199340820312e-05,0.05,1.5,0.5,10,0.06
0,0.6320388349514563,0.8425925925925926,0.8640776699029126,0.9128205128205128,0.5592233009708738,0.08545926521536276,4,Ham,41.5810489654541,5.9604644775390625e-05,0.05,1.5,0.5,10,0.06
0,0.5029126213592233,0.7777777777777778,0.8058252427184466,0.8736842105263158,0.4854368932038835,0.041960283408641816,5,Ham,49.68432068824768,7.724761962890625e-05,0.05,1.5,0.5,10,0.06
0,0.583495145631068,0.75,0.7669902912621359,0.854054054054054,0.7145631067961165,0.10921297394659493,6,Ham,40.15272521972656,6.246566772460938e-05,0.05,1.5,0.5,10,0.06
0,0.5980582524271845,0.7777777777777778,0.7961165048543689,0.8723404255319148,0.5106796116504855,0.0640745563674361,7,Ham,48.32682943344116,8.20159912109375e-05,0.05,1.5,0.5,10,0.06
0,0.41262135922330095,0.7870370370370371,0.8252427184466019,0.8808290155440415,0.2854368932038835,0.0298738179144782,8,Ham,33.4016637802124,6.222724914550781e-05,0.05,1.5,0.5,10,0.06
0,0.4223300970873786,0.8055555555555556,0.8446601941747572,0.8923076923076922,0.2116504854368932,0.0276707397277171,9,Ham,43.08561730384827,5.888938903808594e-05,0.05,1.5,0.5,10,0.06
0,0.4155844155844156,0.7901234567901234,0.8311688311688312,0.8827586206896552,0.2857142857142857,0.03185816474297699,0,Herring,38.80022406578064,5.435943603515625e-05,0.05,1.5,0.5,10,0.06
0,0.573051948051948,0.8641975308641975,0.8961038961038961,0.9261744966442952,0.6298701298701299,0.1005169201250437,1,Herring,30.744051694869995,4.649162292480469e-05,0.05,1.5,0.5,10,0.06
0,0.573051948051948,0.8641975308641975,0.8961038961038961,0.9261744966442952,0.6915584415584416,0.08050772198400231,2,Herring,33.746824502944946,4.291534423828125e-05,0.05,1.5,0.5,10,0.06
0,0.44805194805194803,0.8518518518518519,0.8961038961038961,0.9199999999999999,0.38636363636363635,0.03718160103605414,3,Herring,34.11528944969177,4.982948303222656e-05,0.05,1.5,0.5,10,0.06
0,0.44805194805194803,0.8518518518518519,0.8961038961038961,0.9199999999999999,0.4318181818181818,0.040454940935338565,4,Herring,28.69152808189392,4.315376281738281e-05,0.05,1.5,0.5,10,0.06
0,0.45454545454545453,0.8641975308641975,0.9090909090909091,0.9271523178807948,0.5454545454545454,0.049131455710403074,5,Herring,30.18660283088684,4.100799560546875e-05,0.05,1.5,0.5,10,0.06
0,0.547077922077922,0.8148148148148148,0.8441558441558441,0.8965517241379309,0.43506493506493504,0.046258741555215435,6,Herring,38.534204959869385,4.7206878662109375e-05,0.05,1.5,0.5,10,0.06
0,0.573051948051948,0.8641975308641975,0.8961038961038961,0.9261744966442952,0.461038961038961,0.07559712946728997,7,Herring,27.605255842208862,4.3392181396484375e-05,0.05,1.5,0.5,10,0.06
0,0.586038961038961,0.8888888888888888,0.922077922077922,0.9403973509933775,0.6948051948051948,0.11943153676941272,8,Herring,24.714097261428833,4.982948303222656e-05,0.05,1.5,0.5,10,0.06
0,0.5340909090909092,0.7901234567901234,0.8181818181818182,0.881118881118881,0.4415584415584416,0.04148689198328113,9,Herring,33.66311597824097,4.458427429199219e-05,0.05,1.5,0.5,10,0.06
0,0.5844748858447488,0.8157894736842105,0.8356164383561644,0.8970588235294118,0.7808219178082192,0.08332315832315831,0,Lightning2,44.35835313796997,4.982948303222656e-05,0.05,1.5,0.5,10,0.06
0,0.682648401826484,0.6973684210526315,0.6986301369863014,0.8160000000000001,0.8264840182648403,0.1472467320261438,1,Lightning2,45.10277223587036,5.1021575927734375e-05,0.05,1.5,0.5,10,0.06
0,0.5091324200913242,0.6710526315789473,0.684931506849315,0.7999999999999999,0.5707762557077626,0.04191648994280573,2,Lightning2,33.68514585494995,5.340576171875e-05,0.05,1.5,0.5,10,0.06
0,0.5365296803652968,0.7236842105263158,0.7397260273972602,0.8372093023255813,0.7031963470319635,0.05937009850053329,3,Lightning2,42.90335035324097,5.1021575927734375e-05,0.05,1.5,0.5,10,0.06
0,0.5639269406392694,0.7763157894736842,0.7945205479452054,0.8721804511278196,0.7853881278538812,0.0792394856493322,4,Lightning2,27.471010446548462,8.392333984375e-05,0.05,1.5,0.5,10,0.06
0,0.6894977168949772,0.7105263157894737,0.7123287671232876,0.8253968253968254,0.8858447488584476,0.22699275362318838,5,Lightning2,47.40017557144165,5.91278076171875e-05,0.05,1.5,0.5,10,0.06
0,0.410958904109589,0.7894736842105263,0.821917808219178,0.8823529411764706,0.7397260273972603,0.06858674463937622,6,Lightning2,40.65921115875244,5.1975250244140625e-05,0.05,1.5,0.5,10,0.06
0,0.5707762557077626,0.7894736842105263,0.8082191780821918,0.880597014925373,0.8036529680365296,0.08931489262371616,7,Lightning2,36.80939865112305,5.245208740234375e-05,0.05,1.5,0.5,10,0.06
0,0.730593607305936,0.7894736842105263,0.7945205479452054,0.8787878787878787,0.8036529680365296,0.08653439153439153,8,Lightning2,39.52676320075989,5.078315734863281e-05,0.05,1.5,0.5,10,0.06
0,0.3972602739726027,0.7631578947368421,0.7945205479452054,0.8656716417910448,0.6027397260273972,0.05057957393483709,9,Lightning2,27.58547329902649,5.7697296142578125e-05,0.05,1.5,0.5,10,0.06
0,0.6359894566098946,0.9334257975034674,0.9664233576642336,0.9650145772594751,0.8146796431467964,0.28488150300673276,0,MoteStrain,289.88677883148193,0.0006768703460693359,0.05,1.5,0.5,10,0.06
0,0.6878953771289538,0.9320388349514563,0.9591240875912409,0.9640498899486427,0.8420924574209245,0.44929544900298113,1,MoteStrain,221.43048667907715,0.0007066726684570312,0.05,1.5,0.5,10,0.06
0,0.6718167072181671,0.926490984743412,0.9547445255474453,0.9610580455547391,0.8670721816707219,0.38133770054923705,2,MoteStrain,211.5868203639984,0.0006501674652099609,0.05,1.5,0.5,10,0.06
0,0.6337996755879968,0.9292649098474342,0.962043795620438,0.9627465303140978,0.8619221411192215,0.2799964408122011,3,MoteStrain,176.1610689163208,0.0009353160858154297,0.05,1.5,0.5,10,0.06
0,0.6623073803730738,0.9334257975034674,0.9635036496350365,0.9649122807017544,0.8308191403081914,0.34469471597614554,4,MoteStrain,137.14705562591553,0.0010628700256347656,0.05,1.5,0.5,10,0.06
0,0.688625304136253,0.9334257975034674,0.9605839416058394,0.9648093841642228,0.8162206001622059,0.3785533700911493,5,MoteStrain,290.0638873577118,0.0007796287536621094,0.05,1.5,0.5,10,0.06
0,0.7398012976480131,0.9306518723994452,0.9518248175182482,0.9630723781388478,0.917883211678832,0.3639707119846325,6,MoteStrain,204.60132932662964,0.0007300376892089844,0.05,1.5,0.5,10,0.06
0,0.6740064882400649,0.9306518723994452,0.9591240875912409,0.9633431085043989,0.8319140308191403,0.37060835450205765,7,MoteStrain,212.16402316093445,0.0329742431640625,0.05,1.5,0.5,10,0.06
0,0.6761962692619627,0.9348127600554785,0.9635036496350365,0.9656181419166057,0.8366585563665856,0.3942244952047046,8,MoteStrain,190.17411184310913,0.0007593631744384766,0.05,1.5,0.5,10,0.06
0,0.776338199513382,0.9500693481276006,0.9693430656934306,0.9736070381231671,0.877250608272506,0.4973903079321271,9,MoteStrain,116.30351519584656,0.0007195472717285156,0.05,1.5,0.5,10,0.06
0,0.5826210826210827,0.907859078590786,0.9430199430199431,0.9511494252873562,0.8531180753402975,0.20708195157655104,0,Strawberry,164.92727184295654,0.024410247802734375,0.05,1.5,0.5,10,0.06
0,0.7272079772079771,0.9322493224932249,0.9544159544159544,0.9640287769784173,0.8735359290914846,0.35351470800900464,1,Strawberry,111.42668318748474,0.00024008750915527344,0.05,1.5,0.5,10,0.06
0,0.7578347578347578,0.940379403794038,0.9601139601139601,0.9683908045977012,0.9105729661285217,0.45826084283100577,2,Strawberry,126.51622200012207,0.024402618408203125,0.05,1.5,0.5,10,0.06
0,0.7094017094017093,0.948509485094851,0.9743589743589743,0.972972972972973,0.9533080088635645,0.37229380025593156,3,Strawberry,89.00896406173706,0.0001609325408935547,0.05,1.5,0.5,10,0.06
0,0.7037037037037037,0.9376693766937669,0.9629629629629629,0.9670958512160228,0.8896802785691674,0.39316256830221125,4,Strawberry,90.8263988494873,0.00013971328735351562,0.05,1.5,0.5,10,0.06
0,0.5811965811965811,0.9051490514905149,0.9401709401709402,0.9496402877697842,0.8855650522317189,0.22445107728289077,5,Strawberry,133.75583624839783,0.00020956993103027344,0.05,1.5,0.5,10,0.06
0,0.6923076923076923,0.9159891598915989,0.9401709401709402,0.955137481910275,0.8249446027223805,0.2614536664168347,6,Strawberry,128.28946781158447,0.00016188621520996094,0.05,1.5,0.5,10,0.06
0,0.7186609686609686,0.9159891598915989,0.9373219373219374,0.9550072568940493,0.9218106995884774,0.2526555116382319,7,Strawberry,105.77718496322632,0.00015544891357421875,0.05,1.5,0.5,10,0.06
0,0.754985754985755,0.9349593495934959,0.9544159544159544,0.9654178674351584,0.9585311807534029,0.4601367821480751,8,Strawberry,85.98018670082092,0.00015854835510253906,0.05,1.5,0.5,10,0.06
0,0.732905982905983,0.943089430894309,0.9658119658119658,0.9699570815450644,0.9450775561886674,0.3772494073122729,9,Strawberry,98.47955393791199,0.00014829635620117188,0.05,1.5,0.5,10,0.06
0,0.7357142857142858,0.8843537414965986,0.9,0.9368029739776953,0.8969387755102041,0.1749152520942046,0,ToeSegmentation1,31.14053750038147,7.176399230957031e-05,0.05,1.5,0.5,10,0.06
0,0.5214285714285715,0.8639455782312925,0.9,0.9264705882352942,0.7622448979591836,0.08890964240931698,1,ToeSegmentation1,26.790257453918457,7.963180541992188e-05,0.05,1.5,0.5,10,0.06
0,0.6428571428571428,0.8367346938775511,0.8571428571428571,0.909090909090909,0.8602040816326532,0.13941121887224467,2,ToeSegmentation1,23.42678689956665,7.62939453125e-05,0.05,1.5,0.5,10,0.06
0,0.575,0.8367346938775511,0.8642857142857143,0.9097744360902256,0.8469387755102041,0.1258680370140286,3,ToeSegmentation1,20.437129735946655,6.628036499023438e-05,0.05,1.5,0.5,10,0.06
0,0.6678571428571428,0.8843537414965986,0.9071428571428571,0.9372693726937269,0.7806122448979591,0.1546948092466793,4,ToeSegmentation1,29.45895528793335,8.058547973632812e-05,0.05,1.5,0.5,10,0.06
0,0.7892857142857144,0.8571428571428571,0.8642857142857143,0.9201520912547528,0.8377551020408164,0.19051372757117166,5,ToeSegmentation1,28.927375555038452,6.723403930664062e-05,0.05,1.5,0.5,10,0.06
0,0.5107142857142857,0.8435374149659864,0.8785714285714286,0.9144981412639406,0.5785714285714286,0.05969950703121252,6,ToeSegmentation1,26.073660850524902,8.96453857421875e-05,0.05,1.5,0.5,10,0.06
0,0.6392857142857142,0.8299319727891157,0.85,0.9049429657794678,0.7479591836734694,0.11454128239229465,7,ToeSegmentation1,21.779757022857666,7.43865966796875e-05,0.05,1.5,0.5,10,0.06
0,0.5285714285714286,0.8775510204081632,0.9142857142857143,0.9343065693430657,0.7346938775510203,0.10187148430327443,8,ToeSegmentation1,20.226358890533447,7.843971252441406e-05,0.05,1.5,0.5,10,0.06
0,0.5142857142857142,0.8503401360544217,0.8857142857142857,0.9185185185185185,0.7285714285714286,0.0964630029501745,9,ToeSegmentation1,27.82511830329895,6.985664367675781e-05,0.05,1.5,0.5,10,0.06
0,0.6102150537634409,0.8615384615384616,0.8870967741935484,0.9243697478991597,0.6841397849462366,0.2440483711511749,0,ToeSegmentation2,30.57384729385376,7.176399230957031e-05,0.05,1.5,0.5,10,0.06
0,0.6935483870967742,0.8692307692307693,0.8870967741935484,0.9282700421940928,0.7997311827956989,0.12079369014300521,1,ToeSegmentation2,30.995105743408203,6.175041198730469e-05,0.05,1.5,0.5,10,0.06
0,0.5618279569892473,0.7692307692307693,0.7903225806451613,0.8672566371681416,0.646505376344086,0.06380320262296052,2,ToeSegmentation2,22.551774978637695,7.677078247070312e-05,0.05,1.5,0.5,10,0.06
0,0.5739247311827957,0.7923076923076923,0.8145161290322581,0.8820960698689957,0.8024193548387097,0.09789970405286044,3,ToeSegmentation2,28.562175750732422,7.128715515136719e-05,0.05,1.5,0.5,10,0.06
0,0.7446236559139785,0.8153846153846154,0.8225806451612904,0.8947368421052632,0.8467741935483871,0.14606928455812834,4,ToeSegmentation2,27.14870834350586,8.702278137207031e-05,0.05,1.5,0.5,10,0.06
0,0.5739247311827957,0.7923076923076923,0.8145161290322581,0.8820960698689957,0.7432795698924731,0.08002493410508318,5,ToeSegmentation2,30.814903736114502,7.200241088867188e-05,0.05,1.5,0.5,10,0.06
0,0.5470430107526881,0.8923076923076924,0.9274193548387096,0.9426229508196722,0.8118279569892474,0.10705502601507852,6,ToeSegmentation2,24.083773851394653,0.00016999244689941406,0.05,1.5,0.5,10,0.06
0,0.5618279569892473,0.7692307692307693,0.7903225806451613,0.8672566371681416,0.7715053763440861,0.08753492020277373,7,ToeSegmentation2,29.39160394668579,7.772445678710938e-05,0.05,1.5,0.5,10,0.06
0,0.6733870967741935,0.8307692307692308,0.8467741935483871,0.9051724137931034,0.8615591397849462,0.13995281293654166,8,ToeSegmentation2,24.539795398712158,7.05718994140625e-05,0.05,1.5,0.5,10,0.06
0,0.6814516129032258,0.8461538461538461,0.8629032258064516,0.9145299145299146,0.8696236559139785,0.47055166397711634,9,ToeSegmentation2,36.32630372047424,7.05718994140625e-05,0.05,1.5,0.5,10,0.06
0,0.5701754385964912,0.7833333333333333,0.8070175438596491,0.8761904761904762,0.5906432748538012,0.058443059728249445,0,Wine,4.941042184829712,4.363059997558594e-05,0.05,1.5,0.5,10,0.06
0,0.42105263157894735,0.8,0.8421052631578947,0.8888888888888888,0.3742690058479532,0.037483511494843594,1,Wine,3.8580591678619385,4.363059997558594e-05,0.05,1.5,0.5,10,0.06
0,0.4473684210526316,0.85,0.8947368421052632,0.918918918918919,0.28070175438596495,0.03917299824663939,2,Wine,4.542542457580566,4.124641418457031e-05,0.05,1.5,0.5,10,0.06
0,0.6140350877192983,0.8666666666666667,0.8947368421052632,0.9272727272727272,0.6140350877192983,0.3762877845695183,3,Wine,3.6844067573547363,4.2438507080078125e-05,0.05,1.5,0.5,10,0.06
0,0.45614035087719296,0.8666666666666667,0.9122807017543859,0.9285714285714285,0.1754385964912281,0.028412720023985365,4,Wine,4.334462881088257,3.9577484130859375e-05,0.05,1.5,0.5,10,0.06
0,0.41228070175438597,0.7833333333333333,0.8245614035087719,0.8785046728971964,0.5029239766081872,0.048453391152430275,5,Wine,3.344709873199463,4.00543212890625e-05,0.05,1.5,0.5,10,0.06
0,0.543859649122807,0.7333333333333333,0.7543859649122807,0.8431372549019609,0.5438596491228069,0.06002870586203919,6,Wine,3.390723466873169,5.030632019042969e-05,0.05,1.5,0.5,10,0.06
0,0.39473684210526316,0.75,0.7894736842105263,0.8571428571428572,0.2748538011695907,0.0321151612173203,7,Wine,3.20866060256958,4.5299530029296875e-05,0.05,1.5,0.5,10,0.06
0,0.7807017543859649,0.8833333333333333,0.8947368421052632,0.9357798165137614,0.6549707602339182,0.2089130873159911,8,Wine,3.654728412628174,3.910064697265625e-05,0.05,1.5,0.5,10,0.06
0,0.42105263157894735,0.8,0.8421052631578947,0.8888888888888888,0.058479532163742694,0.026335204866278314,9,Wine,2.8554344177246094,4.315376281738281e-05,0.05,1.5,0.5,10,0.06
0,0.8923076923076922,0.7941176470588235,0.7846153846153846,0.8793103448275863,0.9076923076923078,0.1806998556998557,0,ArrowHead,3.602057933807373,4.267692565917969e-05,0.05,1.5,0.5,20,0.06
0,0.7717948717948717,0.8676470588235294,0.8769230769230769,0.9268292682926829,0.9076923076923076,0.20158730158730157,1,ArrowHead,5.584835052490234,4.315376281738281e-05,0.05,1.5,0.5,20,0.06
0,0.9153846153846155,0.8382352941176471,0.8307692307692308,0.907563025210084,0.8974358974358974,0.1654882154882155,2,ArrowHead,5.475329399108887,4.220008850097656e-05,0.05,1.5,0.5,20,0.06
0,0.7794871794871795,0.8823529411764706,0.8923076923076924,0.9354838709677421,0.8205128205128205,0.14522441160372193,3,ArrowHead,6.4038145542144775,4.00543212890625e-05,0.05,1.5,0.5,20,0.06
0,0.6051282051282051,0.8529411764705882,0.8769230769230769,0.9193548387096773,0.8153846153846154,0.10058827624617098,4,ArrowHead,7.004164218902588,4.315376281738281e-05,0.05,1.5,0.5,20,0.06
0,0.9076923076923077,0.8235294117647058,0.8153846153846154,0.8983050847457628,0.8512820512820514,0.1209054834054834,5,ArrowHead,6.389679908752441,4.220008850097656e-05,0.05,1.5,0.5,20,0.06
0,0.7102564102564102,0.75,0.7538461538461538,0.8521739130434782,0.8461538461538461,0.16486291486291488,6,ArrowHead,6.786986589431763,4.458427429199219e-05,0.05,1.5,0.5,20,0.06
0,0.45384615384615384,0.8676470588235294,0.9076923076923077,0.9291338582677167,0.7487179487179487,0.07651427731519266,7,ArrowHead,7.688536882400513,3.981590270996094e-05,0.05,1.5,0.5,20,0.06
0,0.5666666666666667,0.7794117647058824,0.8,0.8739495798319328,0.8512820512820513,0.1655228758169935,8,ArrowHead,4.827986240386963,4.1961669921875e-05,0.05,1.5,0.5,20,0.06
0,0.4307692307692308,0.8235294117647058,0.8615384615384616,0.903225806451613,0.5641025641025641,0.05848887697796616,9,ArrowHead,2.8769118785858154,4.124641418457031e-05,0.05,1.5,0.5,20,0.06
0,0.6633064516129032,0.9233128834355828,0.9516129032258065,0.959349593495935,0.8118951612903226,0.28597459947298365,0,CBF,61.764432430267334,0.00011110305786132812,0.05,1.5,0.5,20,0.06
0,0.7042338709677419,0.9447852760736196,0.9709677419354839,0.9709677419354839,0.8268145161290323,0.34613817434901517,1,CBF,61.66664242744446,0.00010251998901367188,0.05,1.5,0.5,20,0.06
0,0.6633064516129032,0.9233128834355828,0.9516129032258065,0.959349593495935,0.653024193548387,0.2583367042446089,2,CBF,49.9865517616272,0.00012826919555664062,0.05,1.5,0.5,20,0.06
0,0.6600806451612904,0.9171779141104295,0.9451612903225807,0.9559543230016314,0.7332661290322581,0.3248867679218407,3,CBF,52.732078552246094,0.00012493133544921875,0.05,1.5,0.5,20,0.06
0,0.7209677419354839,0.9202453987730062,0.9419354838709677,0.9573770491803278,0.8328629032258064,0.3404072272242296,4,CBF,41.75607347488403,0.000110626220703125,0.05,1.5,0.5,20,0.06
0,0.6008064516129032,0.9171779141104295,0.9516129032258065,0.9562398703403566,0.7997983870967742,0.2877961989965859,5,CBF,65.15766549110413,0.00010800361633300781,0.05,1.5,0.5,20,0.06
0,0.6649193548387097,0.9263803680981595,0.9548387096774194,0.9610389610389611,0.8286290322580645,0.2608316063196655,6,CBF,58.25961661338806,9.608268737792969e-05,0.05,1.5,0.5,20,0.06
0,0.6024193548387097,0.9202453987730062,0.9548387096774194,0.9579288025889967,0.8008064516129031,0.23997796100956634,7,CBF,45.03280854225159,0.00022125244140625,0.05,1.5,0.5,20,0.06
0,0.6616935483870967,0.9202453987730062,0.9483870967741935,0.9576547231270358,0.8358870967741935,0.3456230983968123,8,CBF,44.408509731292725,0.00013566017150878906,0.05,1.5,0.5,20,0.06
0,0.6681451612903226,0.9325153374233128,0.9612903225806452,0.964401294498382,0.73125,0.2972628712070692,9,CBF,44.23534607887268,0.00010609626770019531,0.05,1.5,0.5,20,0.06
0,0.4937307692307692,0.9039923954372624,0.949,0.9494747373686845,0.4643846153846154,0.044897905733451586,0,ChlorineConcentration,596.041561126709,0.001771688461303711,0.05,1.5,0.5,20,0.06
0,0.4806153846153846,0.8963878326996197,0.942,0.9453085800301053,0.34944230769230766,0.034503006418892535,1,ChlorineConcentration,313.0342221260071,0.0020322799682617188,0.05,1.5,0.5,20,0.06
0,0.4937307692307692,0.9039923954372624,0.949,0.9494747373686845,0.4690576923076923,0.04415479343103299,2,ChlorineConcentration,237.04209089279175,0.0017001628875732422,0.05,1.5,0.5,20,0.06
0,0.4846153846153846,0.9039923954372624,0.95,0.9495252373813093,0.4525192307692308,0.0423984378434964,3,ChlorineConcentration,227.60829544067383,0.0020911693572998047,0.05,1.5,0.5,20,0.06
0,0.473,0.8992395437262357,0.946,0.9469469469469469,0.4070769230769231,0.037732127322693154,4,ChlorineConcentration,204.3949978351593,0.0017354488372802734,0.05,1.5,0.5,20,0.06
0,0.474,0.9011406844106464,0.948,0.948,0.3800192307692308,0.035955090639479256,5,ChlorineConcentration,597.9988477230072,0.0020220279693603516,0.05,1.5,0.5,20,0.06
0,0.4841153846153846,0.903041825095057,0.949,0.949,0.4413076923076923,0.0410409230892216,6,ChlorineConcentration,296.320867061615,0.0017087459564208984,0.05,1.5,0.5,20,0.06
0,0.472,0.8973384030418251,0.944,0.9458917835671342,0.43078846153846156,0.04009051814746009,7,ChlorineConcentration,235.60957264900208,0.0020627975463867188,0.05,1.5,0.5,20,0.06
0,0.5033461538461538,0.9049429657794676,0.949,0.9499499499499499,0.42057692307692307,0.04103441839889563,8,ChlorineConcentration,224.30464553833008,0.0013279914855957031,0.05,1.5,0.5,20,0.06
0,0.5220769230769231,0.905893536121673,0.948,0.950375939849624,0.3566730769230769,0.039281482030079154,9,ChlorineConcentration,206.0217673778534,0.0018775463104248047,0.05,1.5,0.5,20,0.06
0,0.5488721804511278,0.9142857142857143,0.9548872180451128,0.9548872180451128,0.7712137486573577,0.23859574447755882,0,ECG200,13.307472467422485,6.67572021484375e-05,0.05,1.5,0.5,20,0.06
0,0.8120300751879699,0.9,0.9097744360902256,0.9453125000000001,0.9237379162191193,0.23368303731749107,1,ECG200,12.249112606048584,5.793571472167969e-05,0.05,1.5,0.5,20,0.06
0,0.744360902255639,0.9,0.9172932330827067,0.945736434108527,0.8098818474758326,0.18557745332153755,2,ECG200,13.533716201782227,5.8650970458984375e-05,0.05,1.5,0.5,20,0.06
0,0.6729323308270676,0.8928571428571429,0.9172932330827067,0.942084942084942,0.8732545649838882,0.18630182004510681,3,ECG200,8.955695629119873,5.817413330078125e-05,0.05,1.5,0.5,20,0.06
0,0.5864661654135338,0.8571428571428571,0.8872180451127819,0.9218749999999999,0.7615467239527389,0.1252962695055459,4,ECG200,7.795464277267456,5.507469177246094e-05,0.05,1.5,0.5,20,0.06
0,0.7330827067669172,0.8785714285714286,0.8947368421052632,0.9333333333333333,0.7851772287862513,0.17302789228844537,5,ECG200,12.858111381530762,5.4836273193359375e-05,0.05,1.5,0.5,20,0.06
0,0.6766917293233082,0.9,0.924812030075188,0.9461538461538462,0.8517722878625134,0.15343161187920146,6,ECG200,14.994868755340576,5.6743621826171875e-05,0.05,1.5,0.5,20,0.06
0,0.537593984962406,0.8928571428571429,0.9323308270676691,0.9429657794676807,0.7207303974221266,0.1135241251189318,7,ECG200,12.49428677558899,6.508827209472656e-05,0.05,1.5,0.5,20,0.06
0,0.68796992481203,0.9214285714285714,0.9473684210526315,0.9581749049429658,0.7765843179377013,0.17211160789703636,8,ECG200,9.448825597763062,6.389617919921875e-05,0.05,1.5,0.5,20,0.06
0,0.7481203007518797,0.9071428571428571,0.924812030075188,0.9498069498069498,0.7959183673469388,0.1887111631013627,9,ECG200,10.775984764099121,5.6743621826171875e-05,0.05,1.5,0.5,20,0.06
0,0.6673716309266181,0.9161290322580645,0.9434389140271493,0.9553264604810997,0.8804839661617155,0.36645236713287316,0,ECGFiveDays,113.8712203502655,0.0002498626708984375,0.05,1.5,0.5,20,0.06
0,0.6501573873696636,0.9225806451612903,0.9524886877828054,0.958997722095672,0.7761164666535512,0.17538607234252113,1,ECGFiveDays,96.1778085231781,0.0002827644348144531,0.05,1.5,0.5,20,0.06
0,0.6558134959669486,0.9333333333333333,0.9638009049773756,0.9648924122310306,0.8613023804839662,0.22534240972415218,2,ECGFiveDays,90.08604884147644,0.0003025531768798828,0.05,1.5,0.5,20,0.06
0,0.6363368089710801,0.9354838709677419,0.9683257918552036,0.9661399548532732,0.8281526657485737,0.3126024929136789,3,ECGFiveDays,135.21476674079895,0.00018358230590820312,0.05,1.5,0.5,20,0.06
0,0.5905961046626008,0.9268817204301075,0.9638009049773756,0.961625282167043,0.7775919732441472,0.14099387385756998,4,ECGFiveDays,95.03847670555115,0.0002675056457519531,0.05,1.5,0.5,20,0.06
0,0.6044166830611843,0.9139784946236559,0.9479638009049773,0.9544419134396355,0.8350383631713555,0.15859267403639285,5,ECGFiveDays,102.39892816543579,0.00021409988403320312,0.05,1.5,0.5,20,0.06
0,0.5849399960653158,0.9161290322580645,0.9524886877828054,0.9557321225879681,0.8817627385402321,0.2857554589722184,6,ECGFiveDays,96.8154993057251,0.00025153160095214844,0.05,1.5,0.5,20,0.06
0,0.7303265787920519,0.9182795698924732,0.9389140271493213,0.9562211981566819,0.8623844186504034,0.2611615251699715,7,ECGFiveDays,118.3559160232544,0.0003542900085449219,0.05,1.5,0.5,20,0.06
0,0.6730277395239033,0.9268817204301075,0.9547511312217195,0.9612756264236902,0.8581546330906945,0.34035355215001195,8,ECGFiveDays,124.76936721801758,0.00019240379333496094,0.05,1.5,0.5,20,0.06
0,0.5654633090694472,0.9182795698924732,0.9570135746606335,0.9570135746606335,0.8153649419634075,0.16347673523069334,9,ECGFiveDays,82.68747186660767,0.0002455711364746094,0.05,1.5,0.5,20,0.06
0,0.9450000000000001,0.8952380952380953,0.89,0.9417989417989417,0.9440000000000001,0.33645021645021644,0,GunPoint,8.034447193145752,5.1975250244140625e-05,0.05,1.5,0.5,20,0.06
0,0.835,0.8666666666666667,0.87,0.925531914893617,0.9239999999999999,0.2558593285799168,1,GunPoint,7.801709175109863,4.863739013671875e-05,0.05,1.5,0.5,20,0.06
0,0.74,0.8666666666666667,0.88,0.9263157894736842,0.9,0.19179069296716356,2,GunPoint,10.803723812103271,5.2928924560546875e-05,0.05,1.5,0.5,20,0.06
0,0.73,0.8476190476190476,0.86,0.9148936170212766,0.864,0.14356897144822842,3,GunPoint,8.880844116210938,5.078315734863281e-05,0.05,1.5,0.5,20,0.06
0,0.8400000000000001,0.8761904761904762,0.88,0.9312169312169312,0.8240000000000001,0.36501095148982476,4,GunPoint,6.845703125,5.14984130859375e-05,0.05,1.5,0.5,20,0.06
0,0.76,0.9047619047619048,0.92,0.9484536082474226,0.9520000000000001,0.5897435897435896,5,GunPoint,5.115781784057617,4.935264587402344e-05,0.05,1.5,0.5,20,0.06
0,0.645,0.8666666666666667,0.89,0.9270833333333334,0.748,0.11938430470578214,6,GunPoint,6.230182886123657,5.125999450683594e-05,0.05,1.5,0.5,20,0.06
0,0.515,0.8,0.83,0.8877005347593583,0.7219999999999999,0.07650836640505125,7,GunPoint,5.216861724853516,0.0001609325408935547,0.05,1.5,0.5,20,0.06
0,0.55,0.8666666666666667,0.9,0.9278350515463918,0.704,0.09539578393494055,8,GunPoint,4.917650461196899,4.601478576660156e-05,0.05,1.5,0.5,20,0.06
0,0.645,0.8666666666666667,0.89,0.9270833333333334,0.882,0.3341476693241399,9,GunPoint,6.663621187210083,5.364418029785156e-05,0.05,1.5,0.5,20,0.06
0,0.541747572815534,0.8518518518518519,0.883495145631068,0.9191919191919192,0.5631067961165048,0.06621385802659777,0,Ham,20.767560243606567,6.175041198730469e-05,0.05,1.5,0.5,20,0.06
0,0.6271844660194175,0.8333333333333334,0.8543689320388349,0.9072164948453608,0.574757281553398,0.09735567002880909,1,Ham,22.256505012512207,5.6743621826171875e-05,0.05,1.5,0.5,20,0.06
0,0.541747572815534,0.8518518518518519,0.883495145631068,0.9191919191919192,0.4174757281553398,0.03971363076160146,2,Ham,20.930070400238037,5.936622619628906e-05,0.05,1.5,0.5,20,0.06
0,0.5563106796116505,0.8796296296296297,0.912621359223301,0.9353233830845772,0.5242718446601942,0.0782144441318268,3,Ham,21.689176559448242,5.626678466796875e-05,0.05,1.5,0.5,20,0.06
0,0.5368932038834952,0.8425925925925926,0.8737864077669902,0.9137055837563451,0.5300970873786407,0.24045798251418407,4,Ham,17.891345977783203,5.5789947509765625e-05,0.05,1.5,0.5,20,0.06
0,0.49320388349514566,0.7592592592592593,0.7864077669902912,0.8617021276595745,0.5242718446601942,0.05917555710602599,5,Ham,19.80526328086853,7.796287536621094e-05,0.05,1.5,0.5,20,0.06
0,0.4077669902912621,0.7777777777777778,0.8155339805825242,0.8749999999999999,0.6330097087378641,0.05653102797997563,6,Ham,18.69079041481018,5.4836273193359375e-05,0.05,1.5,0.5,20,0.06
0,0.512621359223301,0.7962962962962963,0.8252427184466019,0.8854166666666667,0.5009708737864078,0.056519923272757996,7,Ham,24.310203790664673,6.532669067382812e-05,0.05,1.5,0.5,20,0.06
0,0.4368932038834951,0.8333333333333334,0.8737864077669902,0.909090909090909,0.27766990291262134,0.029988054651661433,8,Ham,19.821661710739136,5.7697296142578125e-05,0.05,1.5,0.5,20,0.06
0,0.4223300970873786,0.8055555555555556,0.8446601941747572,0.8923076923076922,0.4058252427184466,0.03581270106611803,9,Ham,24.120018482208252,5.91278076171875e-05,0.05,1.5,0.5,20,0.06
0,0.42857142857142855,0.8148148148148148,0.8571428571428571,0.8979591836734694,0.2824675324675324,0.03166400542137838,0,Herring,14.286019086837769,5.125999450683594e-05,0.05,1.5,0.5,20,0.06
0,0.711038961038961,0.9012345679012346,0.922077922077922,0.9466666666666667,0.6396103896103895,0.110572193235277,1,Herring,13.726369619369507,4.4345855712890625e-05,0.05,1.5,0.5,20,0.06
0,0.44805194805194803,0.8518518518518519,0.8961038961038961,0.9199999999999999,0.672077922077922,0.06681503385518667,2,Herring,20.66914415359497,4.76837158203125e-05,0.05,1.5,0.5,20,0.06
0,0.3961038961038961,0.7530864197530864,0.7922077922077922,0.8591549295774646,0.39285714285714285,0.03743394403823213,3,Herring,14.912891864776611,4.553794860839844e-05,0.05,1.5,0.5,20,0.06
0,0.5665584415584415,0.8518518518518519,0.8831168831168831,0.918918918918919,0.44480519480519476,0.06237169094195992,4,Herring,15.773322105407715,4.315376281738281e-05,0.05,1.5,0.5,20,0.06
0,0.5535714285714286,0.8271604938271605,0.8571428571428571,0.904109589041096,0.5616883116883117,0.052470460478627454,5,Herring,15.26063847541809,4.315376281738281e-05,0.05,1.5,0.5,20,0.06
0,0.42857142857142855,0.8148148148148148,0.8571428571428571,0.8979591836734694,0.4480519480519481,0.04926853742758738,6,Herring,21.051957607269287,4.673004150390625e-05,0.05,1.5,0.5,20,0.06
0,0.5665584415584415,0.8518518518518519,0.8831168831168831,0.918918918918919,0.4675324675324675,0.05474657179727162,7,Herring,16.61081337928772,4.410743713378906e-05,0.05,1.5,0.5,20,0.06
0,0.5665584415584415,0.8518518518518519,0.8831168831168831,0.918918918918919,0.698051948051948,0.08768242579289781,8,Herring,17.19619393348694,6.556510925292969e-05,0.05,1.5,0.5,20,0.06
0,0.5535714285714286,0.8271604938271605,0.8571428571428571,0.904109589041096,0.48376623376623373,0.09570464817440624,9,Herring,22.985898733139038,4.267692565917969e-05,0.05,1.5,0.5,20,0.06
0,0.3698630136986301,0.7105263157894737,0.7397260273972602,0.8307692307692308,0.4155251141552511,0.03185345144548181,0,Lightning2,22.519686698913574,4.8160552978515625e-05,0.05,1.5,0.5,20,0.06
0,0.3767123287671233,0.7236842105263158,0.7534246575342466,0.8396946564885496,0.5844748858447488,0.04443996453800376,1,Lightning2,21.206787586212158,5.078315734863281e-05,0.05,1.5,0.5,20,0.06
0,0.7853881278538812,0.8947368421052632,0.9041095890410958,0.9428571428571428,0.8447488584474887,0.6894394394394394,2,Lightning2,35.04758620262146,6.103515625e-05,0.05,1.5,0.5,20,0.06
0,0.54337899543379,0.7368421052631579,0.7534246575342466,0.8461538461538461,0.452054794520548,0.0349150514251179,3,Lightning2,37.11129283905029,4.696846008300781e-05,0.05,1.5,0.5,20,0.06
0,0.5707762557077626,0.7894736842105263,0.8082191780821918,0.880597014925373,0.5753424657534247,0.04433072759640509,4,Lightning2,29.71807885169983,4.863739013671875e-05,0.05,1.5,0.5,20,0.06
0,0.4315068493150685,0.8289473684210527,0.863013698630137,0.906474820143885,0.6757990867579908,0.05449069876374726,5,Lightning2,22.881366968154907,4.9114227294921875e-05,0.05,1.5,0.5,20,0.06
0,0.730593607305936,0.7894736842105263,0.7945205479452054,0.8787878787878787,0.8264840182648402,0.09832251082251081,6,Lightning2,20.825456142425537,5.245208740234375e-05,0.05,1.5,0.5,20,0.06
0,0.7374429223744292,0.8026315789473685,0.8082191780821918,0.8872180451127819,0.6575342465753424,0.07442261128701806,7,Lightning2,35.78893566131592,4.482269287109375e-05,0.05,1.5,0.5,20,0.06
0,0.4178082191780822,0.8026315789473685,0.8356164383561644,0.8905109489051095,0.4703196347031964,0.03393517052053637,8,Lightning2,36.77262544631958,4.9591064453125e-05,0.05,1.5,0.5,20,0.06
0,0.7374429223744292,0.8026315789473685,0.8082191780821918,0.8872180451127819,0.6575342465753424,0.14733352278109313,9,Lightning2,30.158693075180054,4.935264587402344e-05,0.05,1.5,0.5,20,0.06
0,0.7127534468775345,0.9292649098474342,0.9532846715328467,0.9624170965364774,0.8217761557177615,0.3176567657566603,0,MoteStrain,232.59508061408997,0.0006139278411865234,0.05,1.5,0.5,20,0.06
0,0.759529602595296,0.9431345353675451,0.9635036496350365,0.9698750918442323,0.8497161394971615,0.5135074765148855,1,MoteStrain,150.5239691734314,0.0007116794586181641,0.05,1.5,0.5,20,0.06
0,0.6593876723438767,0.9278779472954231,0.9576642335766423,0.9618768328445747,0.8682481751824817,0.3592431537960803,2,MoteStrain,83.4063732624054,0.0007283687591552734,0.05,1.5,0.5,20,0.06
0,0.6652270884022708,0.9389736477115118,0.9693430656934306,0.9679300291545189,0.8644363341443634,0.29225414287521173,3,MoteStrain,99.04698657989502,0.0009326934814453125,0.05,1.5,0.5,20,0.06
0,0.6359894566098946,0.9334257975034674,0.9664233576642336,0.9650145772594751,0.8293187347931873,0.3333363219963101,4,MoteStrain,87.74201774597168,0.0006422996520996094,0.05,1.5,0.5,20,0.06
0,0.7032441200324412,0.9361997226074896,0.962043795620438,0.966275659824047,0.8194647201946472,0.37325688771979487,5,MoteStrain,231.00187826156616,0.0007824897766113281,0.05,1.5,0.5,20,0.06
0,0.7003244120032441,0.9306518723994452,0.9562043795620438,0.9632352941176471,0.9171127331711273,0.3548379123671277,6,MoteStrain,149.55662274360657,0.0007050037384033203,0.05,1.5,0.5,20,0.06
0,0.7288321167883212,0.9348127600554785,0.9576642335766423,0.9654157468727006,0.8357258718572587,0.36354786744218115,7,MoteStrain,91.94368553161621,0.0013802051544189453,0.05,1.5,0.5,20,0.06
0,0.6740064882400649,0.9306518723994452,0.9591240875912409,0.9633431085043989,0.8341443633414436,0.38276697406863947,8,MoteStrain,94.66383361816406,0.0007958412170410156,0.05,1.5,0.5,20,0.06
0,0.74272100567721,0.9361997226074896,0.9576642335766423,0.9661266568483062,0.8725466342254663,0.42753889181216115,9,MoteStrain,89.81551384925842,0.0007033348083496094,0.05,1.5,0.5,20,0.06
0,0.5826210826210827,0.907859078590786,0.9430199430199431,0.9511494252873562,0.8463121240899019,0.1896717483612752,0,Strawberry,131.20715498924255,0.00015091896057128906,0.05,1.5,0.5,20,0.06
0,0.707977207977208,0.94579945799458,0.9715099715099715,0.9715099715099715,0.8801836024058245,0.4379348362427251,1,Strawberry,91.4943516254425,0.00015163421630859375,0.05,1.5,0.5,20,0.06
0,0.809116809116809,0.9376693766937669,0.9515669515669516,0.9667149059334298,0.9091484647040203,0.4728455670798873,2,Strawberry,74.08220672607422,0.0001709461212158203,0.05,1.5,0.5,20,0.06
0,0.7564102564102564,0.9376693766937669,0.9572649572649573,0.9669064748201439,0.955207344096233,0.4373111006436815,3,Strawberry,65.78359818458557,0.00015020370483398438,0.05,1.5,0.5,20,0.06
0,0.6595441595441596,0.9539295392953929,0.9857549857549858,0.9760225669957687,0.8933206710984489,0.4202208042940779,4,Strawberry,45.187140226364136,0.00015807151794433594,0.05,1.5,0.5,20,0.06
0,0.631054131054131,0.8997289972899729,0.9287749287749287,0.9462989840348331,0.8757518201962646,0.20993181122890933,5,Strawberry,132.2468400001526,0.00022554397583007812,0.05,1.5,0.5,20,0.06
0,0.6103988603988604,0.9105691056910569,0.9430199430199431,0.9525179856115108,0.8094333649889205,0.1712127551361828,6,Strawberry,85.53952670097351,0.00016260147094726562,0.05,1.5,0.5,20,0.06
0,0.7492877492877493,0.924119241192412,0.9430199430199431,0.9594202898550724,0.9265590376701488,0.2662996021854243,7,Strawberry,87.00276374816895,0.00040149688720703125,0.05,1.5,0.5,20,0.06
0,0.7856125356125356,0.943089430894309,0.9601139601139601,0.9697841726618704,0.9539411206077871,0.415513940000604,8,Strawberry,68.74866962432861,0.00016689300537109375,0.05,1.5,0.5,20,0.06
0,0.6524216524216524,0.940379403794038,0.9715099715099715,0.9687499999999999,0.9393795504906616,0.3573430156162969,9,Strawberry,36.13311505317688,0.00019240379333496094,0.05,1.5,0.5,20,0.06
0,0.55,0.7891156462585034,0.8142857142857143,0.8803088803088803,0.8020408163265306,0.11497419904114375,0,ToeSegmentation1,33.802987813949585,7.176399230957031e-05,0.05,1.5,0.5,20,0.06
0,0.6428571428571428,0.8367346938775511,0.8571428571428571,0.909090909090909,0.7887755102040817,0.151698858464161,1,ToeSegmentation1,28.78725838661194,7.510185241699219e-05,0.05,1.5,0.5,20,0.06
0,0.6392857142857142,0.8299319727891157,0.85,0.9049429657794678,0.8591836734693877,0.13724834183867796,2,ToeSegmentation1,25.527852773666382,7.987022399902344e-05,0.05,1.5,0.5,20,0.06
0,0.6214285714285714,0.7959183673469388,0.8142857142857143,0.8837209302325583,0.8336734693877551,0.1189422840312042,3,ToeSegmentation1,22.47980570793152,0.000110626220703125,0.05,1.5,0.5,20,0.06
0,0.7714285714285715,0.8231292517006803,0.8285714285714286,0.8992248062015504,0.7969387755102041,0.23004086586187766,4,ToeSegmentation1,28.985674619674683,7.128715515136719e-05,0.05,1.5,0.5,20,0.06
0,0.7857142857142857,0.8503401360544217,0.8571428571428571,0.916030534351145,0.8438775510204081,0.25877746771513443,5,ToeSegmentation1,25.246189832687378,6.890296936035156e-05,0.05,1.5,0.5,20,0.06
0,0.5892857142857143,0.8639455782312925,0.8928571428571429,0.9259259259259259,0.5724489795918368,0.07028410042194311,6,ToeSegmentation1,18.365403652191162,8.368492126464844e-05,0.05,1.5,0.5,20,0.06
0,0.5821428571428571,0.8503401360544217,0.8785714285714286,0.917910447761194,0.7326530612244898,0.1378790042012116,7,ToeSegmentation1,27.855820178985596,7.653236389160156e-05,0.05,1.5,0.5,20,0.06
0,0.65,0.8503401360544217,0.8714285714285714,0.9172932330827068,0.7295918367346939,0.11521424729186196,8,ToeSegmentation1,21.84465527534485,7.390975952148438e-05,0.05,1.5,0.5,20,0.06
0,0.6678571428571428,0.8843537414965986,0.9071428571428571,0.9372693726937269,0.736734693877551,0.11629917149777906,9,ToeSegmentation1,19.37497043609619,7.224082946777344e-05,0.05,1.5,0.5,20,0.06
0,0.7567204301075269,0.8384615384615385,0.8467741935483871,0.9090909090909091,0.7526881720430108,0.10435047842206174,0,ToeSegmentation2,31.204359769821167,6.866455078125e-05,0.05,1.5,0.5,20,0.06
0,0.4946236559139785,0.7923076923076923,0.8225806451612904,0.8831168831168831,0.6706989247311828,0.06556926219218501,1,ToeSegmentation2,26.293732404708862,6.985664367675781e-05,0.05,1.5,0.5,20,0.06
0,0.6491935483870968,0.7846153846153846,0.7983870967741935,0.8761061946902654,0.706989247311828,0.2372303294145519,2,ToeSegmentation2,27.145578861236572,7.557868957519531e-05,0.05,1.5,0.5,20,0.06
0,0.73252688172043,0.7923076923076923,0.7983870967741935,0.88,0.8817204301075269,0.21951197919486098,3,ToeSegmentation2,22.219505548477173,7.128715515136719e-05,0.05,1.5,0.5,20,0.06
0,0.5981182795698925,0.8384615384615385,0.8629032258064516,0.9106382978723404,0.7836021505376344,0.10249554657989227,4,ToeSegmentation2,15.776911735534668,6.937980651855469e-05,0.05,1.5,0.5,20,0.06
0,0.6451612903225806,0.7769230769230769,0.7903225806451613,0.8711111111111111,0.728494623655914,0.09161867752857167,5,ToeSegmentation2,24.719151973724365,7.867813110351562e-05,0.05,1.5,0.5,20,0.06
0,0.657258064516129,0.8,0.8145161290322581,0.8859649122807017,0.8225806451612904,0.11117340384616807,6,ToeSegmentation2,18.22175168991089,7.295608520507812e-05,0.05,1.5,0.5,20,0.06
0,0.7567204301075269,0.8384615384615385,0.8467741935483871,0.9090909090909091,0.8870967741935484,0.33814569288640495,7,ToeSegmentation2,16.15236210823059,7.843971252441406e-05,0.05,1.5,0.5,20,0.06
0,0.6693548387096775,0.823076923076923,0.8387096774193549,0.9004329004329005,0.8346774193548387,0.11699633777055463,8,ToeSegmentation2,16.349303722381592,8.606910705566406e-05,0.05,1.5,0.5,20,0.06
0,0.7405913978494624,0.8076923076923077,0.8145161290322581,0.8898678414096918,0.875,0.32314584532872714,9,ToeSegmentation2,15.75087833404541,7.128715515136719e-05,0.05,1.5,0.5,20,0.06
0,0.40350877192982454,0.7666666666666667,0.8070175438596491,0.8679245283018868,0.6081871345029239,0.06452020202020202,0,Wine,2.609957456588745,4.076957702636719e-05,0.05,1.5,0.5,20,0.06
0,0.42105263157894735,0.8,0.8421052631578947,0.8888888888888888,0.39181286549707606,0.0385080730121406,1,Wine,3.4025135040283203,3.886222839355469e-05,0.05,1.5,0.5,20,0.06
0,0.5526315789473684,0.75,0.7719298245614035,0.8543689320388349,0.26315789473684215,0.035326844400485544,2,Wine,2.671988010406494,3.838539123535156e-05,0.05,1.5,0.5,20,0.06
0,0.41228070175438597,0.7833333333333333,0.8245614035087719,0.8785046728971964,0.5497076023391814,0.05449188447308748,3,Wine,2.0706706047058105,3.933906555175781e-05,0.05,1.5,0.5,20,0.06
0,0.39473684210526316,0.75,0.7894736842105263,0.8571428571428572,0.16959064327485382,0.02825417973386613,4,Wine,2.4831228256225586,5.269050598144531e-05,0.05,1.5,0.5,20,0.06
0,0.42105263157894735,0.8,0.8421052631578947,0.8888888888888888,0.4736842105263158,0.04745196624395953,5,Wine,1.8912463188171387,3.910064697265625e-05,0.05,1.5,0.5,20,0.06
0,0.6052631578947368,0.85,0.8771929824561403,0.9174311926605504,0.6081871345029239,0.08794893378226712,6,Wine,1.7406435012817383,0.00011801719665527344,0.05,1.5,0.5,20,0.06
0,0.42105263157894735,0.8,0.8421052631578947,0.8888888888888888,0.26315789473684215,0.03176793899509807,7,Wine,1.4985947608947754,5.53131103515625e-05,0.05,1.5,0.5,20,0.06
0,0.7719298245614035,0.8666666666666667,0.8771929824561403,0.9259259259259259,0.631578947368421,0.40542540641167174,8,Wine,2.789713144302368,3.695487976074219e-05,0.05,1.5,0.5,20,0.06
0,0.43859649122807015,0.8333333333333334,0.8771929824561403,0.9090909090909091,0.06432748538011696,0.026573856726788733,9,Wine,2.864142894744873,3.719329833984375e-05,0.05,1.5,0.5,20,0.06
0,0.64784023965725,0.933659839715049,0.9653233364573571,0.9650972124619349,0.769872881986284,0.3133589032182396,0,Wafer,31293.0873131752,0.38045454025268555,0.05,1.5,0.5,10,0.06
0,0.6583350069174811,0.9348471356485604,0.9654795376444861,0.9657058042340442,0.7282266702369795,0.3192371810395905,1,Wafer,31037.51487469673,0.21393132209777832,0.05,1.5,0.5,10,0.06
0,0.6447078479939304,0.9330661917482933,0.965010934083099,0.9647848832669634,0.7766825099299326,0.30257593735763405,2,Wafer,30992.181475400925,0.15563249588012695,0.05,1.5,0.5,10,0.06
0,0.6599012027491409,0.9351439596319383,0.9656357388316151,0.9658620420279665,0.7411950878445723,0.3343845242922658,3,Wafer,31198.740520238876,0.3600783348083496,0.05,1.5,0.5,10,0.06
0,0.6541831235774535,0.9349955476402493,0.9661043423930021,0.9658026233603997,0.7278236153880484,0.31729314377151263,4,Wafer,31031.273092985153,0.13890385627746582,0.05,1.5,0.5,10,0.06
0,0.6541831235774535,0.9349955476402493,0.9661043423930021,0.9658026233603997,0.7817209279838144,0.34091766036240007,5,Wafer,30991.405554294586,0.06985664367675781,0.05,1.5,0.5,10,0.06
0,0.6492502343017806,0.933659839715049,0.965167135270228,0.9650917610308474,0.7867295934306243,0.313529306098982,6,Wafer,31111.16588330269,0.4060788154602051,0.05,1.5,0.5,10,0.06
0,0.6474497366894274,0.9329177797566043,0.964542330521712,0.9646930167161382,0.7475723732167031,0.3056210326287552,7,Wafer,31133.84111881256,0.4170706272125244,0.05,1.5,0.5,10,0.06
0,0.6566907104922568,0.9344018996734936,0.965167135270228,0.96546875,0.7806228708290563,0.33664358938377925,8,Wafer,31246.45303964615,0.39499330520629883,0.05,1.5,0.5,10,0.06
0,0.6570031128665149,0.9349955476402493,0.9657919400187441,0.9657919400187441,0.7317886151649038,0.32392790628842666,9,Wafer,31214.059413194656,0.4180617332458496,0.05,1.5,0.5,10,0.06
0,0.6477621390636854,0.93351142772336,0.965167135270228,0.9650163985631734,0.763516516416001,0.312843655952849,0,Wafer,31311.05608844757,0.39281654357910156,0.05,1.5,0.5,20,0.06
0,0.6552026152541617,0.9342534876818047,0.965167135270228,0.9653933286461996,0.7283912393448475,0.32183535887534337,1,Wafer,31309.33220410347,0.35804295539855957,0.05,1.5,0.5,20,0.06
0,0.6476840384701209,0.9333630157316711,0.965010934083099,0.964935572042171,0.7638865644664614,0.29756662896104896,2,Wafer,31327.245585918427,0.3593943119049072,0.05,1.5,0.5,20,0.06
0,0.6595888003748829,0.9345503116651825,0.965010934083099,0.9655387981558177,0.7323943596495143,0.33089325059192537,3,Wafer,31106.80416250229,0.294144868850708,0.05,1.5,0.5,20,0.06
0,0.653480218235373,0.933659839715049,0.964698531708841,0.9650753965153527,0.7248650905223071,0.31782122019983977,4,Wafer,31224.47949910164,0.45908379554748535,0.05,1.5,0.5,20,0.06
0,0.6555150176284197,0.9348471356485604,0.9657919400187441,0.9657165169855525,0.7722010234896833,0.33697774098164496,5,Wafer,10736.716260194778,0.07798552513122559,0.05,1.5,0.5,20,0.06
0,0.647996440844379,0.9339566636984268,0.9656357388316151,0.9652588024045593,0.7836515932521088,0.3143221911146749,6,Wafer,10742.558505296707,0.0637667179107666,0.05,1.5,0.5,20,0.06
0,0.6491721337082161,0.93351142772336,0.965010934083099,0.965010934083099,0.7441447799050891,0.3056488123336086,7,Wafer,10698.30200266838,0.07323598861694336,0.05,1.5,0.5,20,0.06
0,0.6552807158477262,0.9344018996734936,0.9653233364573571,0.9654741446648962,0.7700486083218042,0.33309375626618054,8,Wafer,10733.520576953888,0.06476354598999023,0.05,1.5,0.5,20,0.06
0,0.6567688110858214,0.9345503116651825,0.9653233364573571,0.9655495664401219,0.7259389736838191,0.3222403885673188,9,Wafer,10686.344265699387,0.06512975692749023,0.05,1.5,0.5,20,0.06
0,0.4083333333333333,0.7777777777777778,0.8166666666666667,0.8749999999999999,0.7833333333333333,0.09607843137254904,0,BME,7.453638076782227,5.698204040527344e-05,0.05,1.5,0.3,10,0.06
0,0.5883575883575883,0.9117647058823529,0.9459459459459459,0.953307392996109,0.8957528957528957,0.196663169338255,0,Chinatown,145.2567493915558,0.0001251697540283203,0.05,1.5,0.3,10,0.06
0,0.6634585289514867,0.9115281501340483,0.9380281690140845,0.9527896995708154,0.8159624413145541,0.35434209029709074,0,CinCECGTorso,5835.394849061966,0.0001685619354248047,0.05,1.5,0.3,10,0.06
0,0.41938461538461536,0.5893536121673004,0.608,0.7378640776699029,0.5372307692307693,0.052981184991642456,0,Computers,1286.457913160324,0.00035119056701660156,0.05,1.5,0.3,10,0.06
0,0.8025641025641026,0.9264705882352942,0.9384615384615385,0.9606299212598426,0.9333333333333332,0.24267676767676769,0,CricketX,24.89721441268921,4.863739013671875e-05,0.05,1.5,0.3,10,0.06
0,0.3923076923076923,0.75,0.7846153846153846,0.857142857142857,0.7794871794871795,0.09044117647058825,0,CricketY,25.464126110076904,5.602836608886719e-05,0.05,1.5,0.3,10,0.06
0,0.5897435897435898,0.8235294117647058,0.8461538461538461,0.9016393442622951,0.6153846153846153,0.0792608286252354,0,CricketZ,25.381247758865356,5.793571472167969e-05,0.05,1.5,0.3,10,0.06
0,0.7455769230769231,0.8802281368821293,0.895,0.9342379958246346,0.7879038461538461,0.5256445067077127,0,Crop,120.45795965194702,0.0008959770202636719,0.05,1.5,0.3,10,0.06
0,0.6019021739130435,0.863905325443787,0.8913043478260869,0.9258064516129033,0.7422360248447205,0.1226282205576089,0,DistalPhalanxOutlineAgeGroup,247.7111554145813,0.0002040863037109375,0.05,1.5,0.3,10,0.06
0,0.6421614100185529,0.9312169312169312,0.9628942486085343,0.9637883008356546,0.6663132785581765,0.19567890065770863,0,DistalPhalanxOutlineCorrect,717.1188840866089,0.00035381317138671875,0.05,1.5,0.3,10,0.06
0,0.8108597285067873,0.917910447761194,0.9294117647058824,0.9556451612903226,0.9345399698340876,0.2518858975736062,0,DistalPhalanxTW,155.2228970527649,0.00011968612670898438,0.05,1.5,0.3,10,0.06
0,0.6062242642860501,0.9166666666666666,0.9510106200753683,0.955922865013774,0.8882126791563948,0.2378593196286369,0,ECG5000,8589.893394947052,0.06307053565979004,0.05,1.5,0.3,10,0.06
0,0.9016393442622951,0.8125,0.8032786885245902,0.8909090909090909,0.907103825136612,0.22008547008547008,0,EOGHorizontalSignal,187.04896450042725,5.459785461425781e-05,0.05,1.5,0.3,10,0.06
0,0.7513661202185793,0.828125,0.8360655737704918,0.9026548672566372,0.8469945355191257,0.1926190476190476,0,EOGVerticalSignal,179.81073212623596,6.103515625e-05,0.05,1.5,0.3,10,0.06
0,0.5313930205949656,0.8682170542635659,0.904891304347826,0.9288702928870293,0.6101258581235698,0.08249141335801785,0,Earthquakes,1591.0231370925903,0.00023555755615234375,0.05,1.5,0.3,10,0.06
0,0.4995321637426901,0.8971111111111111,0.9412865497076024,0.9455998120079896,0.2766201429499675,0.0451875449434922,0,ElectricDevices,11101.385049819946,0.06476306915283203,0.05,1.5,0.3,10,0.06
0,0.5253357753357754,0.8603773584905661,0.8968253968253969,0.9243353783231084,0.5753968253968254,0.06071342408490897,0,EthanolLevel,4361.5964987277985,0.00014519691467285156,0.05,1.5,0.3,10,0.06
0,0.7386792452830189,0.8648648648648649,0.8773584905660378,0.9253731343283582,0.7716981132075471,0.11745867982894923,0,FaceAll,28.743112325668335,6.389617919921875e-05,0.05,1.5,0.3,10,0.06
0,0.6504767044432452,0.9186046511627907,0.9480122324159022,0.95679012345679,0.8607663248785753,0.1857240756908507,0,FacesUCR,294.27339458465576,0.00014543533325195312,0.05,1.5,0.3,10,0.06
0,0.48535813217253665,0.9018796992481203,0.9481598733676296,0.9483475163269345,0.42218327774323033,0.041077074868762754,0,FordA,12928.642221689224,0.027456283569335938,0.05,1.5,0.3,10,0.06
0,0.4823087129588678,0.9012605042016807,0.9478107032286599,0.9480203494802034,0.40010926971407756,0.03925337258430972,0,FordB,11891.46580004692,0.008275032043457031,0.05,1.5,0.3,10,0.06
0,0.7026153846153846,0.9429657794676806,0.9693333333333334,0.969979986657772,0.8562307692307692,0.3346042428828262,0,FreezerRegularTrain,5919.383456945419,0.003343343734741211,0.05,1.5,0.3,10,0.06
0,0.7089460273337966,0.9392338177014531,0.9645587213342599,0.9679218967921898,0.8112022237665046,0.2904109473279145,0,FreezerSmallTrain,5645.489504814148,0.018587112426757812,0.05,1.5,0.3,10,0.06
0,0.6293859649122807,0.8958333333333334,0.9254385964912281,0.9440715883668903,0.6944444444444444,0.17431611787869503,0,GunPointAgeSpan,146.65664672851562,9.822845458984375e-05,0.05,1.5,0.3,10,0.06
0,0.5142405063291139,0.9036144578313253,0.9451476793248945,0.9491525423728814,0.5583684950773559,0.06508776623657482,0,GunPointMaleVersusFemale,157.0654273033142,8.726119995117188e-05,0.05,1.5,0.3,10,0.06
0,0.597457627118644,0.9112903225806451,0.9449152542372882,0.9529914529914529,0.722457627118644,0.13194236934140893,0,GunPointOldVersusYoung,167.02935361862183,8.440017700195312e-05,0.05,1.5,0.3,10,0.06
0,0.7111180124223603,0.9402823018458197,0.9657142857142857,0.9684813753581661,0.8655403726708074,0.4762547742859961,0,HandOutlines,19240.392743825912,0.0013458728790283203,0.05,1.5,0.3,10,0.06
0,0.6799999999999999,0.7523809523809524,0.76,0.853932584269663,0.722,0.1375433000451484,0,Haptics,486.97266125679016,6.723403930664062e-05,0.05,1.5,0.3,10,0.06
0,0.5014044943820224,0.7311827956989247,0.7528089887640449,0.8427672955974843,0.547752808988764,0.04320639477957175,0,HouseTwenty,1080.7817668914795,7.319450378417969e-05,0.05,1.5,0.3,10,0.06
0,0.7849462365591398,0.8923076923076924,0.9032258064516129,0.9411764705882352,0.8924731182795699,0.16849816849816848,0,InlineSkate,657.7020494937897,4.696846008300781e-05,0.05,1.5,0.3,10,0.06
0,0.8064671814671815,0.8903225806451613,0.8986486486486487,0.9399293286219081,0.918918918918919,0.3276715102479109,0,InsectEPGRegularTrain,323.5265169143677,6.747245788574219e-05,0.05,1.5,0.3,10,0.06
0,0.5119047619047619,0.8257575757575758,0.8571428571428571,0.9037656903765691,0.8412698412698413,0.11809939707398873,0,InsectEPGSmallTrain,254.95846271514893,5.8650970458984375e-05,0.05,1.5,0.3,10,0.06
0,0.5275,0.8238095238095238,0.855,0.9023746701846965,0.849,0.12963178960201432,0,InsectWingbeatSound,178.93674230575562,0.00011038780212402344,0.05,1.5,0.3,10,0.06
0,0.5486599011189175,0.9150779896013865,0.9544626593806922,0.9553327256153146,0.8110200364298725,0.18676877350128768,0,ItalyPowerDemand,719.6627144813538,0.00035953521728515625,0.05,1.5,0.3,10,0.06
0,0.6407692307692308,0.8022813688212928,0.82,0.8874458874458875,0.7686153846153847,0.12575207670263186,0,LargeKitchenAppliances,1292.8342418670654,0.00021457672119140625,0.05,1.5,0.3,10,0.06
0,0.5599999999999999,0.765079365079365,0.7866666666666666,0.8644688644688644,0.7426666666666668,0.07924257311782473,0,Mallat,2700.7849383354187,0.0002865791320800781,0.05,1.5,0.3,10,0.06
0,0.6409774436090225,0.8964285714285715,0.924812030075188,0.944337811900192,0.6729323308270677,0.11809778103183335,0,MiddlePhalanxOutlineAgeGroup,183.23522806167603,0.00014328956604003906,0.05,1.5,0.3,10,0.06
0,0.5636437196564172,0.9159519725557461,0.9548736462093863,0.9557362240289069,0.5819743557823976,0.09428543588635496,0,MiddlePhalanxOutlineCorrect,786.7191972732544,0.00034928321838378906,0.05,1.5,0.3,10,0.06
0,0.5252475247524753,0.910377358490566,0.9504950495049505,0.9528535980148882,0.9202970297029703,0.21280909459653177,0,MiddlePhalanxTW,104.1572015285492,8.869171142578125e-05,0.05,1.5,0.3,10,0.06
0,0.644927536231884,0.9264367816091954,0.9565217391304348,0.9611650485436893,0.8865884518058431,0.3152937909326615,0,MixedShapesRegularTrain,4090.3092563152313,0.00018334388732910156,0.05,1.5,0.3,10,0.06
0,0.66494277236117,0.9294781382228491,0.9584569732937686,0.9627421758569299,0.8902077151335311,0.4737141338137809,0,MixedShapesSmallTrain,6996.3970675468445,0.0006337165832519531,0.05,1.5,0.3,10,0.06
0,0.5502873563218391,0.8241758241758241,0.8505747126436781,0.9024390243902438,0.8304597701149425,0.10858514657856763,0,NonInvasiveFetalECGThorax1,163.9440610408783,5.650520324707031e-05,0.05,1.5,0.3,10,0.06
0,0.9137931034482758,0.8351648351648352,0.8275862068965517,0.9056603773584906,0.9252873563218391,0.24988553113553114,0,NonInvasiveFetalECGThorax2,167.22387075424194,4.5299530029296875e-05,0.05,1.5,0.3,10,0.06
0,0.6272217149058377,0.9289311695579183,0.9623085983510011,0.9625920471281296,0.6532933656251241,0.20351676981044298,0,PhalangesOutlinesCorrect,4429.534505605698,0.028166532516479492,0.05,1.5,0.3,10,0.06
0,0.6555555555555556,0.6455026455026455,0.6444444444444445,0.7759197324414715,0.6925925925925926,0.07134713986199485,0,PowerCons,59.094393730163574,0.00012445449829101562,0.05,1.5,0.3,10,0.06
0,0.6671280276816609,0.9078947368421053,0.9342560553633218,0.9507042253521126,0.8366782006920416,0.17274510077699914,0,ProximalPhalanxOutlineAgeGroup,217.75998830795288,0.0001308917999267578,0.05,1.5,0.3,10,0.06
0,0.5938949613436417,0.9261006289308176,0.9619834710743802,0.9611890999174235,0.7221007731271661,0.14613376074320938,0,ProximalPhalanxOutlineCorrect,931.4280574321747,0.0004429817199707031,0.05,1.5,0.3,10,0.06
0,0.6744505494505495,0.9358490566037736,0.9642857142857143,0.9662027833001987,0.9532967032967032,0.3343884107587255,0,ProximalPhalanxTW,163.78260374069214,9.846687316894531e-05,0.05,1.5,0.3,10,0.06
0,0.5458461538461539,0.7604562737642585,0.784,0.8615384615384616,0.5203076923076922,0.05719957852859167,0,RefrigerationDevices,1292.6425898075104,0.00019097328186035156,0.05,1.5,0.3,10,0.06
0,0.48584615384615387,0.6463878326996197,0.664,0.7811764705882354,0.49015384615384616,0.04607193858290207,0,ScreenType,1311.9872798919678,0.0003275871276855469,0.05,1.5,0.3,10,0.06
0,0.5568783068783069,0.897887323943662,0.9351851851851852,0.9456928838951311,0.4885582010582011,0.11282224443398808,0,SemgHandGenderCh2,7880.956291675568,0.0002906322479248047,0.05,1.5,0.3,10,0.06
0,0.6061904761904762,0.8980891719745223,0.9266666666666666,0.9455782312925171,0.6352380952380952,0.109219454560674,0,SemgHandMovementCh2,1633.2810759544373,5.888938903808594e-05,0.05,1.5,0.3,10,0.06
0,0.5083333333333333,0.8677248677248677,0.9055555555555556,0.9287749287749288,0.7395061728395063,0.09324861380745171,0,SemgHandSubjectCh2,2135.3243572711945,8.20159912109375e-05,0.05,1.5,0.3,10,0.06
0,0.635,0.8476190476190476,0.87,0.9157894736842105,0.6859999999999999,0.09736452794834043,0,ShapeletSim,137.9217872619629,5.698204040527344e-05,0.05,1.5,0.3,10,0.06
0,0.45492307692307693,0.7262357414448669,0.756,0.8399999999999999,0.4563076923076923,0.04319525060166923,0,SmallKitchenAppliances,1268.2041630744934,0.00025081634521484375,0.05,1.5,0.3,10,0.06
0,0.6799999999999999,0.9333333333333333,0.96,0.964824120603015,0.862,0.404174975431073,0,SmoothSubspace,25.652804613113403,5.4836273193359375e-05,0.05,1.5,0.3,10,0.06
0,0.5910538045208532,0.9237057220708447,0.9598853868194842,0.9598853868194842,0.7857370264247056,0.13077237781221054,0,SonyAIBORobotSurface1,320.0183038711548,0.00011754035949707031,0.05,1.5,0.3,10,0.06
0,0.5123905148472548,0.9165354330708662,0.9602649006622517,0.9563066776586974,0.6668980986968597,0.09370613155259952,0,SonyAIBORobotSurface2,905.1803488731384,0.0007278919219970703,0.05,1.5,0.3,10,0.06
0,0.5676141257536607,0.905340699815838,0.9426356589147287,0.9498144893575472,0.840551248923342,0.15673430821081324,0,StarLightCurves,21023.24169754982,0.009765863418579102,0.05,1.5,0.3,10,0.06
0,0.64,0.9230769230769231,0.9466666666666667,0.9594594594594594,0.8933333333333333,0.15611577964519138,0,SwedishLeaf,18.831150770187378,5.364418029785156e-05,0.05,1.5,0.3,10,0.06
0,0.7320359281437125,0.9428571428571428,0.9640718562874252,0.9698795180722892,0.9505988023952097,0.3059847608531819,0,Symbols,224.75344920158386,7.390975952148438e-05,0.05,1.5,0.3,10,0.06
0,0.585,0.9333333333333333,0.97,0.9651741293532338,0.936,0.25346320346320345,0,SyntheticControl,28.2105233669281,5.1975250244140625e-05,0.05,1.5,0.3,10,0.06
0,0.6827882960413081,0.9378068739770867,0.9655765920826161,0.9672413793103448,0.8206540447504302,0.4040957943809465,0,TwoLeadECG,854.6407315731049,0.09686589241027832,0.05,1.5,0.3,10,0.06
0,0.6898027204756327,0.9403202328966521,0.9678407350689127,0.9685823754789271,0.7997477704711287,0.42386486334207607,0,TwoPatterns,3117.8777146339417,0.027109146118164062,0.05,1.5,0.3,10,0.06
0,0.9166666666666667,0.8412698412698413,0.8333333333333334,0.9090909090909091,0.9,0.20744301994301995,0,UMD,12.370861530303955,4.696846008300781e-05,0.05,1.5,0.3,10,0.06
0,0.7264778325123153,0.9151103565365025,0.9357142857142857,0.9544626593806922,0.9382389162561576,0.36181182257541544,0,UWaveGestureLibraryAll,4749.565304040909,0.00042247772216796875,0.05,1.5,0.3,10,0.06
0,0.8097290640394088,0.9490662139219015,0.9642857142857143,0.972972972972973,0.9636699507389164,0.5927902390418249,0,UWaveGestureLibraryX,1468.7799861431122,0.0003535747528076172,0.05,1.5,0.3,10,0.06
0,0.6854679802955665,0.9303904923599321,0.9571428571428572,0.963162623539982,0.8988300492610838,0.48949181735420855,0,UWaveGestureLibraryY,1427.2446269989014,0.0003821849822998047,0.05,1.5,0.3,10,0.06
0,0.7389778325123153,0.9388794567062818,0.9607142857142857,0.9676258992805756,0.9145935960591133,0.5598762137300691,0,UWaveGestureLibraryZ,1354.240181684494,0.0003452301025390625,0.05,1.5,0.3,10,0.06
0,0.5153403643336529,0.7243589743589743,0.7449664429530202,0.8377358490566038,0.5934803451581976,0.08155430447385632,0,WormsTwoClass,589.8536820411682,0.00010800361633300781,0.05,1.5,0.3,10,0.06
0,0.5699289229086932,0.9184111647879764,0.9570621468926553,0.9570621468926553,0.6424275560415528,0.12020522275744579,0,Yoga,7530.602269411087,0.01096653938293457,0.05,1.5,0.3,10,0.06
0,0.6545658682634731,0.9085714285714286,0.9341317365269461,0.951219512195122,0.9258982035928145,0.21905589723314184,0,Symbols,69.23719477653503,0.0001766681671142578,0.05,1.5,0.3,20,0.06
0,0.5920658682634731,0.9028571428571428,0.9341317365269461,0.9483282674772036,0.9251497005988024,0.23538374958021602,1,Symbols,68.9756772518158,0.00011181831359863281,0.05,1.5,0.3,20,0.06
0,0.7110778443113772,0.9028571428571428,0.9221556886227545,0.9476923076923077,0.9244011976047903,0.21816745405689494,2,Symbols,68.50097155570984,0.00010275840759277344,0.05,1.5,0.3,20,0.06
0,0.7110778443113772,0.9028571428571428,0.9221556886227545,0.9476923076923077,0.8914670658682635,0.1643381535243357,3,Symbols,68.5643413066864,0.0001647472381591797,0.05,1.5,0.3,20,0.06
0,0.7200598802395209,0.92,0.9401197604790419,0.9573170731707317,0.9333832335329341,0.24571408915158915,4,Symbols,68.83818578720093,0.00017690658569335938,0.05,1.5,0.3,20,0.06
0,0.7795658682634731,0.92,0.9341317365269461,0.9570552147239264,0.9543413173652695,0.3118582443635656,5,Symbols,68.79801273345947,0.00010752677917480469,0.05,1.5,0.3,20,0.06
0,0.7825598802395209,0.9257142857142857,0.9401197604790419,0.9602446483180428,0.9266467065868264,0.22966885120072503,6,Symbols,67.86317300796509,9.822845458984375e-05,0.05,1.5,0.3,20,0.06
0,0.7200598802395209,0.92,0.9401197604790419,0.9573170731707317,0.8967065868263473,0.3025931897828756,7,Symbols,68.86779308319092,0.00013899803161621094,0.05,1.5,0.3,20,0.06
0,0.8985778443113772,0.92,0.9221556886227545,0.9565217391304348,0.9520958083832336,0.31076471956406165,8,Symbols,68.51092004776001,0.0001399517059326172,0.05,1.5,0.3,20,0.06
0,0.5980538922155689,0.9142857142857143,0.9461077844311377,0.9546827794561933,0.9109281437125748,0.19537617400520627,9,Symbols,68.5468361377716,0.00012874603271484375,0.05,1.5,0.3,20,0.06
0,0.6310671256454389,0.9296235679214403,0.9621342512908778,0.9629629629629629,0.818875502008032,0.39361104375245676,0,TwoLeadECG,105.07087779045105,0.0011560916900634766,0.05,1.5,0.3,20,0.06
0,0.6678427997705106,0.939443535188216,0.9690189328743546,0.9681857265692176,0.8542168674698796,0.4506071962949838,1,TwoLeadECG,107.88945722579956,0.0016067028045654297,0.05,1.5,0.3,20,0.06
0,0.716982214572576,0.9427168576104746,0.9672977624784854,0.9698015530629853,0.8370051635111876,0.44700375851203816,2,TwoLeadECG,105.83319425582886,0.0008594989776611328,0.05,1.5,0.3,20,0.06
0,0.6661216293746414,0.9361702127659575,0.9655765920826161,0.9664082687338501,0.900114744693058,0.47592643856726574,3,TwoLeadECG,106.65374612808228,0.002039194107055664,0.05,1.5,0.3,20,0.06
0,0.7204245553643144,0.9492635024549918,0.9741824440619621,0.9733447979363714,0.831726907630522,0.477127644659539,4,TwoLeadECG,108.28157043457031,0.0016777515411376953,0.05,1.5,0.3,20,0.06
0,0.7020367183017786,0.9443535188216039,0.9707401032702238,0.9707401032702238,0.859552495697074,0.4097590991295874,5,TwoLeadECG,106.74071168899536,0.000993967056274414,0.05,1.5,0.3,20,0.06
0,0.6635398737808377,0.9312602291325696,0.9604130808950087,0.9637305699481865,0.8222604704532415,0.2874921334041786,6,TwoLeadECG,106.48590230941772,0.001129150390625,0.05,1.5,0.3,20,0.06
0,0.6845094664371774,0.9410801963993454,0.9690189328743546,0.9690189328743546,0.8613884107860011,0.4648305076640359,7,TwoLeadECG,105.91268277168274,0.0007910728454589844,0.05,1.5,0.3,20,0.06
0,0.632788296041308,0.9328968903436988,0.9655765920826161,0.9647463456577816,0.8724039013195639,0.389903071666927,8,TwoLeadECG,108.15456295013428,0.0009334087371826172,0.05,1.5,0.3,20,0.06
0,0.6793459552495698,0.9312602291325696,0.9586919104991394,0.9636678200692042,0.8901893287435456,0.40493543766048334,9,TwoLeadECG,104.86661577224731,0.0008077621459960938,0.05,1.5,0.3,20,0.06
